DatabaseName,HomeSite,VolumeLetter,EdbFilePath,LogFolderPath,Server,ActivationPreference,CopyRole
DBSE101,BB,H,H:\DBSE101\DBSE101.edb,H:\DBSE101,PEXBBEXSE1,1,Active
DBSE101,BB,H,H:\DBSE101\DBSE101.edb,H:\DBSE101,PEXBBEXSE2,2,Passive
DBSE101,BB,H,H:\DBSE101\DBSE101.edb,H:\DBSE101,PEXTAEXSE1,3,Passive
DBSE102,BB,H,H:\DBSE102\DBSE102.edb,H:\DBSE102,PEXBBEXSE2,1,Active
DBSE102,BB,H,H:\DBSE102\DBSE102.edb,H:\DBSE102,PEXBBEXSE3,2,Passive
DBSE102,BB,H,H:\DBSE102\DBSE102.edb,H:\DBSE102,PEXTAEXSE2,3,Passive
DBSE103,BB,H,H:\DBSE103\DBSE103.edb,H:\DBSE103,PEXBBEXSE3,1,Active
DBSE103,BB,H,H:\DBSE103\DBSE103.edb,H:\DBSE103,PEXBBEXSE4,2,Passive
DBSE103,BB,H,H:\DBSE103\DBSE103.edb,H:\DBSE103,PEXTAEXSE3,3,Passive
DBSE104,BB,H,H:\DBSE104\DBSE104.edb,H:\DBSE104,PEXBBEXSE4,1,Active
DBSE104,BB,H,H:\DBSE104\DBSE104.edb,H:\DBSE104,PEXBBEXSE1,2,Passive
DBSE104,BB,H,H:\DBSE104\DBSE104.edb,H:\DBSE104,PEXTAEXSE4,3,Passive
DBSE105,BB,H,H:\DBSE105\DBSE105.edb,H:\DBSE105,PEXBBEXSE1,1,Active
DBSE105,BB,H,H:\DBSE105\DBSE105.edb,H:\DBSE105,PEXBBEXSE3,2,Passive
DBSE105,BB,H,H:\DBSE105\DBSE105.edb,H:\DBSE105,PEXTAEXSE1,3,Passive
DBSE106,BB,H,H:\DBSE106\DBSE106.edb,H:\DBSE106,PEXBBEXSE2,1,Active
DBSE106,BB,H,H:\DBSE106\DBSE106.edb,H:\DBSE106,PEXBBEXSE4,2,Passive
DBSE106,BB,H,H:\DBSE106\DBSE106.edb,H:\DBSE106,PEXTAEXSE2,3,Passive
DBSE107,BB,H,H:\DBSE107\DBSE107.edb,H:\DBSE107,PEXBBEXSE3,1,Active
DBSE107,BB,H,H:\DBSE107\DBSE107.edb,H:\DBSE107,PEXBBEXSE1,2,Passive
DBSE107,BB,H,H:\DBSE107\DBSE107.edb,H:\DBSE107,PEXTAEXSE3,3,Passive
DBSE108,BB,H,H:\DBSE108\DBSE108.edb,H:\DBSE108,PEXBBEXSE4,1,Active
DBSE108,BB,H,H:\DBSE108\DBSE108.edb,H:\DBSE108,PEXBBEXSE2,2,Passive
DBSE108,BB,H,H:\DBSE108\DBSE108.edb,H:\DBSE108,PEXTAEXSE4,3,Passive
DBSE109,BB,I,I:\DBSE109\DBSE109.edb,I:\DBSE109,PEXBBEXSE1,1,Active
DBSE109,BB,I,I:\DBSE109\DBSE109.edb,I:\DBSE109,PEXBBEXSE3,2,Passive
DBSE109,BB,I,I:\DBSE109\DBSE109.edb,I:\DBSE109,PEXTAEXSE2,3,Passive
DBSE110,BB,I,I:\DBSE110\DBSE110.edb,I:\DBSE110,PEXBBEXSE2,1,Active
DBSE110,BB,I,I:\DBSE110\DBSE110.edb,I:\DBSE110,PEXBBEXSE4,2,Passive
DBSE110,BB,I,I:\DBSE110\DBSE110.edb,I:\DBSE110,PEXTAEXSE3,3,Passive
DBSE111,BB,I,I:\DBSE111\DBSE111.edb,I:\DBSE111,PEXBBEXSE3,1,Active
DBSE111,BB,I,I:\DBSE111\DBSE111.edb,I:\DBSE111,PEXBBEXSE1,2,Passive
DBSE111,BB,I,I:\DBSE111\DBSE111.edb,I:\DBSE111,PEXTAEXSE4,3,Passive
DBSE112,BB,I,I:\DBSE112\DBSE112.edb,I:\DBSE112,PEXBBEXSE4,1,Active
DBSE112,BB,I,I:\DBSE112\DBSE112.edb,I:\DBSE112,PEXBBEXSE2,2,Passive
DBSE112,BB,I,I:\DBSE112\DBSE112.edb,I:\DBSE112,PEXTAEXSE1,3,Passive
DBSE113,BB,I,I:\DBSE113\DBSE113.edb,I:\DBSE113,PEXBBEXSE1,1,Active
DBSE113,BB,I,I:\DBSE113\DBSE113.edb,I:\DBSE113,PEXBBEXSE4,2,Passive
DBSE113,BB,I,I:\DBSE113\DBSE113.edb,I:\DBSE113,PEXTAEXSE2,3,Passive
DBSE114,BB,I,I:\DBSE114\DBSE114.edb,I:\DBSE114,PEXBBEXSE2,1,Active
DBSE114,BB,I,I:\DBSE114\DBSE114.edb,I:\DBSE114,PEXBBEXSE1,2,Passive
DBSE114,BB,I,I:\DBSE114\DBSE114.edb,I:\DBSE114,PEXTAEXSE3,3,Passive
DBSE115,BB,I,I:\DBSE115\DBSE115.edb,I:\DBSE115,PEXBBEXSE3,1,Active
DBSE115,BB,I,I:\DBSE115\DBSE115.edb,I:\DBSE115,PEXBBEXSE2,2,Passive
DBSE115,BB,I,I:\DBSE115\DBSE115.edb,I:\DBSE115,PEXTAEXSE4,3,Passive
DBSE116,BB,I,I:\DBSE116\DBSE116.edb,I:\DBSE116,PEXBBEXSE4,1,Active
DBSE116,BB,I,I:\DBSE116\DBSE116.edb,I:\DBSE116,PEXBBEXSE3,2,Passive
DBSE116,BB,I,I:\DBSE116\DBSE116.edb,I:\DBSE116,PEXTAEXSE1,3,Passive
DBSE117,BB,J,J:\DBSE117\DBSE117.edb,J:\DBSE117,PEXBBEXSE1,1,Active
DBSE117,BB,J,J:\DBSE117\DBSE117.edb,J:\DBSE117,PEXBBEXSE4,2,Passive
DBSE117,BB,J,J:\DBSE117\DBSE117.edb,J:\DBSE117,PEXTAEXSE3,3,Passive
DBSE118,BB,J,J:\DBSE118\DBSE118.edb,J:\DBSE118,PEXBBEXSE2,1,Active
DBSE118,BB,J,J:\DBSE118\DBSE118.edb,J:\DBSE118,PEXBBEXSE1,2,Passive
DBSE118,BB,J,J:\DBSE118\DBSE118.edb,J:\DBSE118,PEXTAEXSE4,3,Passive
DBSE119,BB,J,J:\DBSE119\DBSE119.edb,J:\DBSE119,PEXBBEXSE3,1,Active
DBSE119,BB,J,J:\DBSE119\DBSE119.edb,J:\DBSE119,PEXBBEXSE2,2,Passive
DBSE119,BB,J,J:\DBSE119\DBSE119.edb,J:\DBSE119,PEXTAEXSE1,3,Passive
DBSE120,BB,J,J:\DBSE120\DBSE120.edb,J:\DBSE120,PEXBBEXSE4,1,Active
DBSE120,BB,J,J:\DBSE120\DBSE120.edb,J:\DBSE120,PEXBBEXSE3,2,Passive
DBSE120,BB,J,J:\DBSE120\DBSE120.edb,J:\DBSE120,PEXTAEXSE2,3,Passive
DBSE121,BB,J,J:\DBSE121\DBSE121.edb,J:\DBSE121,PEXBBEXSE1,1,Active
DBSE121,BB,J,J:\DBSE121\DBSE121.edb,J:\DBSE121,PEXBBEXSE2,2,Passive
DBSE121,BB,J,J:\DBSE121\DBSE121.edb,J:\DBSE121,PEXTAEXSE3,3,Passive
DBSE122,BB,J,J:\DBSE122\DBSE122.edb,J:\DBSE122,PEXBBEXSE2,1,Active
DBSE122,BB,J,J:\DBSE122\DBSE122.edb,J:\DBSE122,PEXBBEXSE3,2,Passive
DBSE122,BB,J,J:\DBSE122\DBSE122.edb,J:\DBSE122,PEXTAEXSE4,3,Passive
DBSE123,BB,J,J:\DBSE123\DBSE123.edb,J:\DBSE123,PEXBBEXSE3,1,Active
DBSE123,BB,J,J:\DBSE123\DBSE123.edb,J:\DBSE123,PEXBBEXSE4,2,Passive
DBSE123,BB,J,J:\DBSE123\DBSE123.edb,J:\DBSE123,PEXTAEXSE1,3,Passive
DBSE124,BB,J,J:\DBSE124\DBSE124.edb,J:\DBSE124,PEXBBEXSE4,1,Active
DBSE124,BB,J,J:\DBSE124\DBSE124.edb,J:\DBSE124,PEXBBEXSE1,2,Passive
DBSE124,BB,J,J:\DBSE124\DBSE124.edb,J:\DBSE124,PEXTAEXSE2,3,Passive
DBSE125,BB,K,K:\DBSE125\DBSE125.edb,K:\DBSE125,PEXBBEXSE1,1,Active
DBSE125,BB,K,K:\DBSE125\DBSE125.edb,K:\DBSE125,PEXBBEXSE2,2,Passive
DBSE125,BB,K,K:\DBSE125\DBSE125.edb,K:\DBSE125,PEXTAEXSE4,3,Passive
DBSE126,BB,K,K:\DBSE126\DBSE126.edb,K:\DBSE126,PEXBBEXSE2,1,Active
DBSE126,BB,K,K:\DBSE126\DBSE126.edb,K:\DBSE126,PEXBBEXSE3,2,Passive
DBSE126,BB,K,K:\DBSE126\DBSE126.edb,K:\DBSE126,PEXTAEXSE1,3,Passive
DBSE127,BB,K,K:\DBSE127\DBSE127.edb,K:\DBSE127,PEXBBEXSE3,1,Active
DBSE127,BB,K,K:\DBSE127\DBSE127.edb,K:\DBSE127,PEXBBEXSE4,2,Passive
DBSE127,BB,K,K:\DBSE127\DBSE127.edb,K:\DBSE127,PEXTAEXSE2,3,Passive
DBSE128,BB,K,K:\DBSE128\DBSE128.edb,K:\DBSE128,PEXBBEXSE4,1,Active
DBSE128,BB,K,K:\DBSE128\DBSE128.edb,K:\DBSE128,PEXBBEXSE1,2,Passive
DBSE128,BB,K,K:\DBSE128\DBSE128.edb,K:\DBSE128,PEXTAEXSE3,3,Passive
DBSE129,BB,K,K:\DBSE129\DBSE129.edb,K:\DBSE129,PEXBBEXSE1,1,Active
DBSE129,BB,K,K:\DBSE129\DBSE129.edb,K:\DBSE129,PEXBBEXSE3,2,Passive
DBSE129,BB,K,K:\DBSE129\DBSE129.edb,K:\DBSE129,PEXTAEXSE4,3,Passive
DBSE130,BB,K,K:\DBSE130\DBSE130.edb,K:\DBSE130,PEXBBEXSE2,1,Active
DBSE130,BB,K,K:\DBSE130\DBSE130.edb,K:\DBSE130,PEXBBEXSE4,2,Passive
DBSE130,BB,K,K:\DBSE130\DBSE130.edb,K:\DBSE130,PEXTAEXSE1,3,Passive
DBSE131,BB,K,K:\DBSE131\DBSE131.edb,K:\DBSE131,PEXBBEXSE3,1,Active
DBSE131,BB,K,K:\DBSE131\DBSE131.edb,K:\DBSE131,PEXBBEXSE1,2,Passive
DBSE131,BB,K,K:\DBSE131\DBSE131.edb,K:\DBSE131,PEXTAEXSE2,3,Passive
DBSE132,BB,K,K:\DBSE132\DBSE132.edb,K:\DBSE132,PEXBBEXSE4,1,Active
DBSE132,BB,K,K:\DBSE132\DBSE132.edb,K:\DBSE132,PEXBBEXSE2,2,Passive
DBSE132,BB,K,K:\DBSE132\DBSE132.edb,K:\DBSE132,PEXTAEXSE3,3,Passive
DBSE133,BB,L,L:\DBSE133\DBSE133.edb,L:\DBSE133,PEXBBEXSE1,1,Active
DBSE133,BB,L,L:\DBSE133\DBSE133.edb,L:\DBSE133,PEXBBEXSE3,2,Passive
DBSE133,BB,L,L:\DBSE133\DBSE133.edb,L:\DBSE133,PEXTAEXSE1,3,Passive
DBSE134,BB,L,L:\DBSE134\DBSE134.edb,L:\DBSE134,PEXBBEXSE2,1,Active
DBSE134,BB,L,L:\DBSE134\DBSE134.edb,L:\DBSE134,PEXBBEXSE4,2,Passive
DBSE134,BB,L,L:\DBSE134\DBSE134.edb,L:\DBSE134,PEXTAEXSE2,3,Passive
DBSE135,BB,L,L:\DBSE135\DBSE135.edb,L:\DBSE135,PEXBBEXSE3,1,Active
DBSE135,BB,L,L:\DBSE135\DBSE135.edb,L:\DBSE135,PEXBBEXSE1,2,Passive
DBSE135,BB,L,L:\DBSE135\DBSE135.edb,L:\DBSE135,PEXTAEXSE3,3,Passive
DBSE136,BB,L,L:\DBSE136\DBSE136.edb,L:\DBSE136,PEXBBEXSE4,1,Active
DBSE136,BB,L,L:\DBSE136\DBSE136.edb,L:\DBSE136,PEXBBEXSE2,2,Passive
DBSE136,BB,L,L:\DBSE136\DBSE136.edb,L:\DBSE136,PEXTAEXSE4,3,Passive
DBSE137,BB,L,L:\DBSE137\DBSE137.edb,L:\DBSE137,PEXBBEXSE1,1,Active
DBSE137,BB,L,L:\DBSE137\DBSE137.edb,L:\DBSE137,PEXBBEXSE4,2,Passive
DBSE137,BB,L,L:\DBSE137\DBSE137.edb,L:\DBSE137,PEXTAEXSE1,3,Passive
DBSE138,BB,L,L:\DBSE138\DBSE138.edb,L:\DBSE138,PEXBBEXSE2,1,Active
DBSE138,BB,L,L:\DBSE138\DBSE138.edb,L:\DBSE138,PEXBBEXSE1,2,Passive
DBSE138,BB,L,L:\DBSE138\DBSE138.edb,L:\DBSE138,PEXTAEXSE2,3,Passive
DBSE139,BB,L,L:\DBSE139\DBSE139.edb,L:\DBSE139,PEXBBEXSE3,1,Active
DBSE139,BB,L,L:\DBSE139\DBSE139.edb,L:\DBSE139,PEXBBEXSE2,2,Passive
DBSE139,BB,L,L:\DBSE139\DBSE139.edb,L:\DBSE139,PEXTAEXSE3,3,Passive
DBSE140,BB,L,L:\DBSE140\DBSE140.edb,L:\DBSE140,PEXBBEXSE4,1,Active
DBSE140,BB,L,L:\DBSE140\DBSE140.edb,L:\DBSE140,PEXBBEXSE3,2,Passive
DBSE140,BB,L,L:\DBSE140\DBSE140.edb,L:\DBSE140,PEXTAEXSE4,3,Passive
DBSE141,BB,M,M:\DBSE141\DBSE141.edb,M:\DBSE141,PEXBBEXSE1,1,Active
DBSE141,BB,M,M:\DBSE141\DBSE141.edb,M:\DBSE141,PEXBBEXSE4,2,Passive
DBSE141,BB,M,M:\DBSE141\DBSE141.edb,M:\DBSE141,PEXTAEXSE2,3,Passive
DBSE142,BB,M,M:\DBSE142\DBSE142.edb,M:\DBSE142,PEXBBEXSE2,1,Active
DBSE142,BB,M,M:\DBSE142\DBSE142.edb,M:\DBSE142,PEXBBEXSE1,2,Passive
DBSE142,BB,M,M:\DBSE142\DBSE142.edb,M:\DBSE142,PEXTAEXSE3,3,Passive
DBSE143,BB,M,M:\DBSE143\DBSE143.edb,M:\DBSE143,PEXBBEXSE3,1,Active
DBSE143,BB,M,M:\DBSE143\DBSE143.edb,M:\DBSE143,PEXBBEXSE2,2,Passive
DBSE143,BB,M,M:\DBSE143\DBSE143.edb,M:\DBSE143,PEXTAEXSE4,3,Passive
DBSE144,BB,M,M:\DBSE144\DBSE144.edb,M:\DBSE144,PEXBBEXSE4,1,Active
DBSE144,BB,M,M:\DBSE144\DBSE144.edb,M:\DBSE144,PEXBBEXSE3,2,Passive
DBSE144,BB,M,M:\DBSE144\DBSE144.edb,M:\DBSE144,PEXTAEXSE1,3,Passive
DBSE145,BB,M,M:\DBSE145\DBSE145.edb,M:\DBSE145,PEXBBEXSE1,1,Active
DBSE145,BB,M,M:\DBSE145\DBSE145.edb,M:\DBSE145,PEXBBEXSE2,2,Passive
DBSE145,BB,M,M:\DBSE145\DBSE145.edb,M:\DBSE145,PEXTAEXSE2,3,Passive
DBSE146,BB,M,M:\DBSE146\DBSE146.edb,M:\DBSE146,PEXBBEXSE2,1,Active
DBSE146,BB,M,M:\DBSE146\DBSE146.edb,M:\DBSE146,PEXBBEXSE3,2,Passive
DBSE146,BB,M,M:\DBSE146\DBSE146.edb,M:\DBSE146,PEXTAEXSE3,3,Passive
DBSE147,BB,M,M:\DBSE147\DBSE147.edb,M:\DBSE147,PEXBBEXSE3,1,Active
DBSE147,BB,M,M:\DBSE147\DBSE147.edb,M:\DBSE147,PEXBBEXSE4,2,Passive
DBSE147,BB,M,M:\DBSE147\DBSE147.edb,M:\DBSE147,PEXTAEXSE4,3,Passive
DBSE148,BB,M,M:\DBSE148\DBSE148.edb,M:\DBSE148,PEXBBEXSE4,1,Active
DBSE148,BB,M,M:\DBSE148\DBSE148.edb,M:\DBSE148,PEXBBEXSE1,2,Passive
DBSE148,BB,M,M:\DBSE148\DBSE148.edb,M:\DBSE148,PEXTAEXSE1,3,Passive
DBSE149,BB,N,N:\DBSE149\DBSE149.edb,N:\DBSE149,PEXBBEXSE1,1,Active
DBSE149,BB,N,N:\DBSE149\DBSE149.edb,N:\DBSE149,PEXBBEXSE2,2,Passive
DBSE149,BB,N,N:\DBSE149\DBSE149.edb,N:\DBSE149,PEXTAEXSE3,3,Passive
DBSE150,BB,N,N:\DBSE150\DBSE150.edb,N:\DBSE150,PEXBBEXSE2,1,Active
DBSE150,BB,N,N:\DBSE150\DBSE150.edb,N:\DBSE150,PEXBBEXSE3,2,Passive
DBSE150,BB,N,N:\DBSE150\DBSE150.edb,N:\DBSE150,PEXTAEXSE4,3,Passive
DBSE151,BB,N,N:\DBSE151\DBSE151.edb,N:\DBSE151,PEXBBEXSE3,1,Active
DBSE151,BB,N,N:\DBSE151\DBSE151.edb,N:\DBSE151,PEXBBEXSE4,2,Passive
DBSE151,BB,N,N:\DBSE151\DBSE151.edb,N:\DBSE151,PEXTAEXSE1,3,Passive
DBSE152,BB,N,N:\DBSE152\DBSE152.edb,N:\DBSE152,PEXBBEXSE4,1,Active
DBSE152,BB,N,N:\DBSE152\DBSE152.edb,N:\DBSE152,PEXBBEXSE1,2,Passive
DBSE152,BB,N,N:\DBSE152\DBSE152.edb,N:\DBSE152,PEXTAEXSE2,3,Passive
DBSE153,BB,N,N:\DBSE153\DBSE153.edb,N:\DBSE153,PEXBBEXSE1,1,Active
DBSE153,BB,N,N:\DBSE153\DBSE153.edb,N:\DBSE153,PEXBBEXSE3,2,Passive
DBSE153,BB,N,N:\DBSE153\DBSE153.edb,N:\DBSE153,PEXTAEXSE3,3,Passive
DBSE154,BB,N,N:\DBSE154\DBSE154.edb,N:\DBSE154,PEXBBEXSE2,1,Active
DBSE154,BB,N,N:\DBSE154\DBSE154.edb,N:\DBSE154,PEXBBEXSE4,2,Passive
DBSE154,BB,N,N:\DBSE154\DBSE154.edb,N:\DBSE154,PEXTAEXSE4,3,Passive
DBSE155,BB,N,N:\DBSE155\DBSE155.edb,N:\DBSE155,PEXBBEXSE3,1,Active
DBSE155,BB,N,N:\DBSE155\DBSE155.edb,N:\DBSE155,PEXBBEXSE1,2,Passive
DBSE155,BB,N,N:\DBSE155\DBSE155.edb,N:\DBSE155,PEXTAEXSE1,3,Passive
DBSE156,BB,N,N:\DBSE156\DBSE156.edb,N:\DBSE156,PEXBBEXSE4,1,Active
DBSE156,BB,N,N:\DBSE156\DBSE156.edb,N:\DBSE156,PEXBBEXSE2,2,Passive
DBSE156,BB,N,N:\DBSE156\DBSE156.edb,N:\DBSE156,PEXTAEXSE2,3,Passive
DBSE157,BB,O,O:\DBSE157\DBSE157.edb,O:\DBSE157,PEXBBEXSE1,1,Active
DBSE157,BB,O,O:\DBSE157\DBSE157.edb,O:\DBSE157,PEXBBEXSE3,2,Passive
DBSE157,BB,O,O:\DBSE157\DBSE157.edb,O:\DBSE157,PEXTAEXSE4,3,Passive
DBSE158,BB,O,O:\DBSE158\DBSE158.edb,O:\DBSE158,PEXBBEXSE2,1,Active
DBSE158,BB,O,O:\DBSE158\DBSE158.edb,O:\DBSE158,PEXBBEXSE4,2,Passive
DBSE158,BB,O,O:\DBSE158\DBSE158.edb,O:\DBSE158,PEXTAEXSE1,3,Passive
DBSE159,BB,O,O:\DBSE159\DBSE159.edb,O:\DBSE159,PEXBBEXSE3,1,Active
DBSE159,BB,O,O:\DBSE159\DBSE159.edb,O:\DBSE159,PEXBBEXSE1,2,Passive
DBSE159,BB,O,O:\DBSE159\DBSE159.edb,O:\DBSE159,PEXTAEXSE2,3,Passive
DBSE160,BB,O,O:\DBSE160\DBSE160.edb,O:\DBSE160,PEXBBEXSE4,1,Active
DBSE160,BB,O,O:\DBSE160\DBSE160.edb,O:\DBSE160,PEXBBEXSE2,2,Passive
DBSE160,BB,O,O:\DBSE160\DBSE160.edb,O:\DBSE160,PEXTAEXSE3,3,Passive
DBSE161,BB,O,O:\DBSE161\DBSE161.edb,O:\DBSE161,PEXBBEXSE1,1,Active
DBSE161,BB,O,O:\DBSE161\DBSE161.edb,O:\DBSE161,PEXBBEXSE4,2,Passive
DBSE161,BB,O,O:\DBSE161\DBSE161.edb,O:\DBSE161,PEXTAEXSE4,3,Passive
DBSE162,BB,O,O:\DBSE162\DBSE162.edb,O:\DBSE162,PEXBBEXSE2,1,Active
DBSE162,BB,O,O:\DBSE162\DBSE162.edb,O:\DBSE162,PEXBBEXSE1,2,Passive
DBSE162,BB,O,O:\DBSE162\DBSE162.edb,O:\DBSE162,PEXTAEXSE1,3,Passive
DBSE163,BB,O,O:\DBSE163\DBSE163.edb,O:\DBSE163,PEXBBEXSE3,1,Active
DBSE163,BB,O,O:\DBSE163\DBSE163.edb,O:\DBSE163,PEXBBEXSE2,2,Passive
DBSE163,BB,O,O:\DBSE163\DBSE163.edb,O:\DBSE163,PEXTAEXSE2,3,Passive
DBSE164,BB,O,O:\DBSE164\DBSE164.edb,O:\DBSE164,PEXBBEXSE4,1,Active
DBSE164,BB,O,O:\DBSE164\DBSE164.edb,O:\DBSE164,PEXBBEXSE3,2,Passive
DBSE164,BB,O,O:\DBSE164\DBSE164.edb,O:\DBSE164,PEXTAEXSE3,3,Passive
DBSE165,BB,P,P:\DBSE165\DBSE165.edb,P:\DBSE165,PEXBBEXSE1,1,Active
DBSE165,BB,P,P:\DBSE165\DBSE165.edb,P:\DBSE165,PEXBBEXSE4,2,Passive
DBSE165,BB,P,P:\DBSE165\DBSE165.edb,P:\DBSE165,PEXTAEXSE1,3,Passive
DBSE166,BB,P,P:\DBSE166\DBSE166.edb,P:\DBSE166,PEXBBEXSE2,1,Active
DBSE166,BB,P,P:\DBSE166\DBSE166.edb,P:\DBSE166,PEXBBEXSE1,2,Passive
DBSE166,BB,P,P:\DBSE166\DBSE166.edb,P:\DBSE166,PEXTAEXSE2,3,Passive
DBSE167,BB,P,P:\DBSE167\DBSE167.edb,P:\DBSE167,PEXBBEXSE3,1,Active
DBSE167,BB,P,P:\DBSE167\DBSE167.edb,P:\DBSE167,PEXBBEXSE2,2,Passive
DBSE167,BB,P,P:\DBSE167\DBSE167.edb,P:\DBSE167,PEXTAEXSE3,3,Passive
DBSE168,BB,P,P:\DBSE168\DBSE168.edb,P:\DBSE168,PEXBBEXSE4,1,Active
DBSE168,BB,P,P:\DBSE168\DBSE168.edb,P:\DBSE168,PEXBBEXSE3,2,Passive
DBSE168,BB,P,P:\DBSE168\DBSE168.edb,P:\DBSE168,PEXTAEXSE4,3,Passive
DBSE169,BB,P,P:\DBSE169\DBSE169.edb,P:\DBSE169,PEXBBEXSE1,1,Active
DBSE169,BB,P,P:\DBSE169\DBSE169.edb,P:\DBSE169,PEXBBEXSE2,2,Passive
DBSE169,BB,P,P:\DBSE169\DBSE169.edb,P:\DBSE169,PEXTAEXSE1,3,Passive
DBSE170,BB,P,P:\DBSE170\DBSE170.edb,P:\DBSE170,PEXBBEXSE2,1,Active
DBSE170,BB,P,P:\DBSE170\DBSE170.edb,P:\DBSE170,PEXBBEXSE3,2,Passive
DBSE170,BB,P,P:\DBSE170\DBSE170.edb,P:\DBSE170,PEXTAEXSE2,3,Passive
DBSE171,BB,P,P:\DBSE171\DBSE171.edb,P:\DBSE171,PEXBBEXSE3,1,Active
DBSE171,BB,P,P:\DBSE171\DBSE171.edb,P:\DBSE171,PEXBBEXSE4,2,Passive
DBSE171,BB,P,P:\DBSE171\DBSE171.edb,P:\DBSE171,PEXTAEXSE3,3,Passive
DBSE172,BB,P,P:\DBSE172\DBSE172.edb,P:\DBSE172,PEXBBEXSE4,1,Active
DBSE172,BB,P,P:\DBSE172\DBSE172.edb,P:\DBSE172,PEXBBEXSE1,2,Passive
DBSE172,BB,P,P:\DBSE172\DBSE172.edb,P:\DBSE172,PEXTAEXSE4,3,Passive
DBSE173,BB,Q,Q:\DBSE173\DBSE173.edb,Q:\DBSE173,PEXBBEXSE1,1,Active
DBSE173,BB,Q,Q:\DBSE173\DBSE173.edb,Q:\DBSE173,PEXBBEXSE2,2,Passive
DBSE173,BB,Q,Q:\DBSE173\DBSE173.edb,Q:\DBSE173,PEXTAEXSE2,3,Passive
DBSE174,BB,Q,Q:\DBSE174\DBSE174.edb,Q:\DBSE174,PEXBBEXSE2,1,Active
DBSE174,BB,Q,Q:\DBSE174\DBSE174.edb,Q:\DBSE174,PEXBBEXSE3,2,Passive
DBSE174,BB,Q,Q:\DBSE174\DBSE174.edb,Q:\DBSE174,PEXTAEXSE3,3,Passive
DBSE175,BB,Q,Q:\DBSE175\DBSE175.edb,Q:\DBSE175,PEXBBEXSE3,1,Active
DBSE175,BB,Q,Q:\DBSE175\DBSE175.edb,Q:\DBSE175,PEXBBEXSE4,2,Passive
DBSE175,BB,Q,Q:\DBSE175\DBSE175.edb,Q:\DBSE175,PEXTAEXSE4,3,Passive
DBSE176,BB,Q,Q:\DBSE176\DBSE176.edb,Q:\DBSE176,PEXBBEXSE4,1,Active
DBSE176,BB,Q,Q:\DBSE176\DBSE176.edb,Q:\DBSE176,PEXBBEXSE1,2,Passive
DBSE176,BB,Q,Q:\DBSE176\DBSE176.edb,Q:\DBSE176,PEXTAEXSE1,3,Passive
DBSE177,BB,Q,Q:\DBSE177\DBSE177.edb,Q:\DBSE177,PEXBBEXSE1,1,Active
DBSE177,BB,Q,Q:\DBSE177\DBSE177.edb,Q:\DBSE177,PEXBBEXSE3,2,Passive
DBSE177,BB,Q,Q:\DBSE177\DBSE177.edb,Q:\DBSE177,PEXTAEXSE2,3,Passive
DBSE178,BB,Q,Q:\DBSE178\DBSE178.edb,Q:\DBSE178,PEXBBEXSE2,1,Active
DBSE178,BB,Q,Q:\DBSE178\DBSE178.edb,Q:\DBSE178,PEXBBEXSE4,2,Passive
DBSE178,BB,Q,Q:\DBSE178\DBSE178.edb,Q:\DBSE178,PEXTAEXSE3,3,Passive
DBSE179,BB,Q,Q:\DBSE179\DBSE179.edb,Q:\DBSE179,PEXBBEXSE3,1,Active
DBSE179,BB,Q,Q:\DBSE179\DBSE179.edb,Q:\DBSE179,PEXBBEXSE1,2,Passive
DBSE179,BB,Q,Q:\DBSE179\DBSE179.edb,Q:\DBSE179,PEXTAEXSE4,3,Passive
DBSE180,BB,Q,Q:\DBSE180\DBSE180.edb,Q:\DBSE180,PEXBBEXSE4,1,Active
DBSE180,BB,Q,Q:\DBSE180\DBSE180.edb,Q:\DBSE180,PEXBBEXSE2,2,Passive
DBSE180,BB,Q,Q:\DBSE180\DBSE180.edb,Q:\DBSE180,PEXTAEXSE1,3,Passive
DBSE181,BB,R,R:\DBSE181\DBSE181.edb,R:\DBSE181,PEXBBEXSE1,1,Active
DBSE181,BB,R,R:\DBSE181\DBSE181.edb,R:\DBSE181,PEXBBEXSE3,2,Passive
DBSE181,BB,R,R:\DBSE181\DBSE181.edb,R:\DBSE181,PEXTAEXSE3,3,Passive
DBSE182,BB,R,R:\DBSE182\DBSE182.edb,R:\DBSE182,PEXBBEXSE2,1,Active
DBSE182,BB,R,R:\DBSE182\DBSE182.edb,R:\DBSE182,PEXBBEXSE4,2,Passive
DBSE182,BB,R,R:\DBSE182\DBSE182.edb,R:\DBSE182,PEXTAEXSE4,3,Passive
DBSE183,BB,R,R:\DBSE183\DBSE183.edb,R:\DBSE183,PEXBBEXSE3,1,Active
DBSE183,BB,R,R:\DBSE183\DBSE183.edb,R:\DBSE183,PEXBBEXSE1,2,Passive
DBSE183,BB,R,R:\DBSE183\DBSE183.edb,R:\DBSE183,PEXTAEXSE1,3,Passive
DBSE184,BB,R,R:\DBSE184\DBSE184.edb,R:\DBSE184,PEXBBEXSE4,1,Active
DBSE184,BB,R,R:\DBSE184\DBSE184.edb,R:\DBSE184,PEXBBEXSE2,2,Passive
DBSE184,BB,R,R:\DBSE184\DBSE184.edb,R:\DBSE184,PEXTAEXSE2,3,Passive
DBSE185,BB,R,R:\DBSE185\DBSE185.edb,R:\DBSE185,PEXBBEXSE1,1,Active
DBSE185,BB,R,R:\DBSE185\DBSE185.edb,R:\DBSE185,PEXBBEXSE4,2,Passive
DBSE185,BB,R,R:\DBSE185\DBSE185.edb,R:\DBSE185,PEXTAEXSE3,3,Passive
DBSE186,BB,R,R:\DBSE186\DBSE186.edb,R:\DBSE186,PEXBBEXSE2,1,Active
DBSE186,BB,R,R:\DBSE186\DBSE186.edb,R:\DBSE186,PEXBBEXSE1,2,Passive
DBSE186,BB,R,R:\DBSE186\DBSE186.edb,R:\DBSE186,PEXTAEXSE4,3,Passive
DBSE187,BB,R,R:\DBSE187\DBSE187.edb,R:\DBSE187,PEXBBEXSE3,1,Active
DBSE187,BB,R,R:\DBSE187\DBSE187.edb,R:\DBSE187,PEXBBEXSE2,2,Passive
DBSE187,BB,R,R:\DBSE187\DBSE187.edb,R:\DBSE187,PEXTAEXSE1,3,Passive
DBSE188,BB,R,R:\DBSE188\DBSE188.edb,R:\DBSE188,PEXBBEXSE4,1,Active
DBSE188,BB,R,R:\DBSE188\DBSE188.edb,R:\DBSE188,PEXBBEXSE3,2,Passive
DBSE188,BB,R,R:\DBSE188\DBSE188.edb,R:\DBSE188,PEXTAEXSE2,3,Passive
DBSE189,BB,S,S:\DBSE189\DBSE189.edb,S:\DBSE189,PEXBBEXSE1,1,Active
DBSE189,BB,S,S:\DBSE189\DBSE189.edb,S:\DBSE189,PEXBBEXSE4,2,Passive
DBSE189,BB,S,S:\DBSE189\DBSE189.edb,S:\DBSE189,PEXTAEXSE4,3,Passive
DBSE190,BB,S,S:\DBSE190\DBSE190.edb,S:\DBSE190,PEXBBEXSE2,1,Active
DBSE190,BB,S,S:\DBSE190\DBSE190.edb,S:\DBSE190,PEXBBEXSE1,2,Passive
DBSE190,BB,S,S:\DBSE190\DBSE190.edb,S:\DBSE190,PEXTAEXSE1,3,Passive
DBSE191,BB,S,S:\DBSE191\DBSE191.edb,S:\DBSE191,PEXBBEXSE3,1,Active
DBSE191,BB,S,S:\DBSE191\DBSE191.edb,S:\DBSE191,PEXBBEXSE2,2,Passive
DBSE191,BB,S,S:\DBSE191\DBSE191.edb,S:\DBSE191,PEXTAEXSE2,3,Passive
DBSE192,BB,S,S:\DBSE192\DBSE192.edb,S:\DBSE192,PEXBBEXSE4,1,Active
DBSE192,BB,S,S:\DBSE192\DBSE192.edb,S:\DBSE192,PEXBBEXSE3,2,Passive
DBSE192,BB,S,S:\DBSE192\DBSE192.edb,S:\DBSE192,PEXTAEXSE3,3,Passive
DBSE193,BB,S,S:\DBSE193\DBSE193.edb,S:\DBSE193,PEXBBEXSE1,1,Active
DBSE193,BB,S,S:\DBSE193\DBSE193.edb,S:\DBSE193,PEXBBEXSE2,2,Passive
DBSE193,BB,S,S:\DBSE193\DBSE193.edb,S:\DBSE193,PEXTAEXSE4,3,Passive
DBSE194,BB,S,S:\DBSE194\DBSE194.edb,S:\DBSE194,PEXBBEXSE2,1,Active
DBSE194,BB,S,S:\DBSE194\DBSE194.edb,S:\DBSE194,PEXBBEXSE3,2,Passive
DBSE194,BB,S,S:\DBSE194\DBSE194.edb,S:\DBSE194,PEXTAEXSE1,3,Passive
DBSE195,BB,S,S:\DBSE195\DBSE195.edb,S:\DBSE195,PEXBBEXSE3,1,Active
DBSE195,BB,S,S:\DBSE195\DBSE195.edb,S:\DBSE195,PEXBBEXSE4,2,Passive
DBSE195,BB,S,S:\DBSE195\DBSE195.edb,S:\DBSE195,PEXTAEXSE2,3,Passive
DBSE196,BB,S,S:\DBSE196\DBSE196.edb,S:\DBSE196,PEXBBEXSE4,1,Active
DBSE196,BB,S,S:\DBSE196\DBSE196.edb,S:\DBSE196,PEXBBEXSE1,2,Passive
DBSE196,BB,S,S:\DBSE196\DBSE196.edb,S:\DBSE196,PEXTAEXSE3,3,Passive
DBSE197,TA,H,H:\DBSE197\DBSE197.edb,H:\DBSE197,PEXTAEXSE1,1,Active
DBSE197,TA,H,H:\DBSE197\DBSE197.edb,H:\DBSE197,PEXTAEXSE2,2,Passive
DBSE197,TA,H,H:\DBSE197\DBSE197.edb,H:\DBSE197,PEXBBEXSE1,3,Passive
DBSE198,TA,H,H:\DBSE198\DBSE198.edb,H:\DBSE198,PEXTAEXSE2,1,Active
DBSE198,TA,H,H:\DBSE198\DBSE198.edb,H:\DBSE198,PEXTAEXSE3,2,Passive
DBSE198,TA,H,H:\DBSE198\DBSE198.edb,H:\DBSE198,PEXBBEXSE2,3,Passive
DBSE199,TA,H,H:\DBSE199\DBSE199.edb,H:\DBSE199,PEXTAEXSE3,1,Active
DBSE199,TA,H,H:\DBSE199\DBSE199.edb,H:\DBSE199,PEXTAEXSE4,2,Passive
DBSE199,TA,H,H:\DBSE199\DBSE199.edb,H:\DBSE199,PEXBBEXSE3,3,Passive
DBSE200,TA,H,H:\DBSE200\DBSE200.edb,H:\DBSE200,PEXTAEXSE4,1,Active
DBSE200,TA,H,H:\DBSE200\DBSE200.edb,H:\DBSE200,PEXTAEXSE1,2,Passive
DBSE200,TA,H,H:\DBSE200\DBSE200.edb,H:\DBSE200,PEXBBEXSE4,3,Passive
DBSE201,TA,H,H:\DBSE201\DBSE201.edb,H:\DBSE201,PEXTAEXSE1,1,Active
DBSE201,TA,H,H:\DBSE201\DBSE201.edb,H:\DBSE201,PEXTAEXSE3,2,Passive
DBSE201,TA,H,H:\DBSE201\DBSE201.edb,H:\DBSE201,PEXBBEXSE1,3,Passive
DBSE202,TA,H,H:\DBSE202\DBSE202.edb,H:\DBSE202,PEXTAEXSE2,1,Active
DBSE202,TA,H,H:\DBSE202\DBSE202.edb,H:\DBSE202,PEXTAEXSE4,2,Passive
DBSE202,TA,H,H:\DBSE202\DBSE202.edb,H:\DBSE202,PEXBBEXSE2,3,Passive
DBSE203,TA,H,H:\DBSE203\DBSE203.edb,H:\DBSE203,PEXTAEXSE3,1,Active
DBSE203,TA,H,H:\DBSE203\DBSE203.edb,H:\DBSE203,PEXTAEXSE1,2,Passive
DBSE203,TA,H,H:\DBSE203\DBSE203.edb,H:\DBSE203,PEXBBEXSE3,3,Passive
DBSE204,TA,H,H:\DBSE204\DBSE204.edb,H:\DBSE204,PEXTAEXSE4,1,Active
DBSE204,TA,H,H:\DBSE204\DBSE204.edb,H:\DBSE204,PEXTAEXSE2,2,Passive
DBSE204,TA,H,H:\DBSE204\DBSE204.edb,H:\DBSE204,PEXBBEXSE4,3,Passive
DBSE205,TA,I,I:\DBSE205\DBSE205.edb,I:\DBSE205,PEXTAEXSE1,1,Active
DBSE205,TA,I,I:\DBSE205\DBSE205.edb,I:\DBSE205,PEXTAEXSE3,2,Passive
DBSE205,TA,I,I:\DBSE205\DBSE205.edb,I:\DBSE205,PEXBBEXSE2,3,Passive
DBSE206,TA,I,I:\DBSE206\DBSE206.edb,I:\DBSE206,PEXTAEXSE2,1,Active
DBSE206,TA,I,I:\DBSE206\DBSE206.edb,I:\DBSE206,PEXTAEXSE4,2,Passive
DBSE206,TA,I,I:\DBSE206\DBSE206.edb,I:\DBSE206,PEXBBEXSE3,3,Passive
DBSE207,TA,I,I:\DBSE207\DBSE207.edb,I:\DBSE207,PEXTAEXSE3,1,Active
DBSE207,TA,I,I:\DBSE207\DBSE207.edb,I:\DBSE207,PEXTAEXSE1,2,Passive
DBSE207,TA,I,I:\DBSE207\DBSE207.edb,I:\DBSE207,PEXBBEXSE4,3,Passive
DBSE208,TA,I,I:\DBSE208\DBSE208.edb,I:\DBSE208,PEXTAEXSE4,1,Active
DBSE208,TA,I,I:\DBSE208\DBSE208.edb,I:\DBSE208,PEXTAEXSE2,2,Passive
DBSE208,TA,I,I:\DBSE208\DBSE208.edb,I:\DBSE208,PEXBBEXSE1,3,Passive
DBSE209,TA,I,I:\DBSE209\DBSE209.edb,I:\DBSE209,PEXTAEXSE1,1,Active
DBSE209,TA,I,I:\DBSE209\DBSE209.edb,I:\DBSE209,PEXTAEXSE4,2,Passive
DBSE209,TA,I,I:\DBSE209\DBSE209.edb,I:\DBSE209,PEXBBEXSE2,3,Passive
DBSE210,TA,I,I:\DBSE210\DBSE210.edb,I:\DBSE210,PEXTAEXSE2,1,Active
DBSE210,TA,I,I:\DBSE210\DBSE210.edb,I:\DBSE210,PEXTAEXSE1,2,Passive
DBSE210,TA,I,I:\DBSE210\DBSE210.edb,I:\DBSE210,PEXBBEXSE3,3,Passive
DBSE211,TA,I,I:\DBSE211\DBSE211.edb,I:\DBSE211,PEXTAEXSE3,1,Active
DBSE211,TA,I,I:\DBSE211\DBSE211.edb,I:\DBSE211,PEXTAEXSE2,2,Passive
DBSE211,TA,I,I:\DBSE211\DBSE211.edb,I:\DBSE211,PEXBBEXSE4,3,Passive
DBSE212,TA,I,I:\DBSE212\DBSE212.edb,I:\DBSE212,PEXTAEXSE4,1,Active
DBSE212,TA,I,I:\DBSE212\DBSE212.edb,I:\DBSE212,PEXTAEXSE3,2,Passive
DBSE212,TA,I,I:\DBSE212\DBSE212.edb,I:\DBSE212,PEXBBEXSE1,3,Passive
DBSE213,TA,J,J:\DBSE213\DBSE213.edb,J:\DBSE213,PEXTAEXSE1,1,Active
DBSE213,TA,J,J:\DBSE213\DBSE213.edb,J:\DBSE213,PEXTAEXSE4,2,Passive
DBSE213,TA,J,J:\DBSE213\DBSE213.edb,J:\DBSE213,PEXBBEXSE3,3,Passive
DBSE214,TA,J,J:\DBSE214\DBSE214.edb,J:\DBSE214,PEXTAEXSE2,1,Active
DBSE214,TA,J,J:\DBSE214\DBSE214.edb,J:\DBSE214,PEXTAEXSE1,2,Passive
DBSE214,TA,J,J:\DBSE214\DBSE214.edb,J:\DBSE214,PEXBBEXSE4,3,Passive
DBSE215,TA,J,J:\DBSE215\DBSE215.edb,J:\DBSE215,PEXTAEXSE3,1,Active
DBSE215,TA,J,J:\DBSE215\DBSE215.edb,J:\DBSE215,PEXTAEXSE2,2,Passive
DBSE215,TA,J,J:\DBSE215\DBSE215.edb,J:\DBSE215,PEXBBEXSE1,3,Passive
DBSE216,TA,J,J:\DBSE216\DBSE216.edb,J:\DBSE216,PEXTAEXSE4,1,Active
DBSE216,TA,J,J:\DBSE216\DBSE216.edb,J:\DBSE216,PEXTAEXSE3,2,Passive
DBSE216,TA,J,J:\DBSE216\DBSE216.edb,J:\DBSE216,PEXBBEXSE2,3,Passive
DBSE217,TA,J,J:\DBSE217\DBSE217.edb,J:\DBSE217,PEXTAEXSE1,1,Active
DBSE217,TA,J,J:\DBSE217\DBSE217.edb,J:\DBSE217,PEXTAEXSE2,2,Passive
DBSE217,TA,J,J:\DBSE217\DBSE217.edb,J:\DBSE217,PEXBBEXSE3,3,Passive
DBSE218,TA,J,J:\DBSE218\DBSE218.edb,J:\DBSE218,PEXTAEXSE2,1,Active
DBSE218,TA,J,J:\DBSE218\DBSE218.edb,J:\DBSE218,PEXTAEXSE3,2,Passive
DBSE218,TA,J,J:\DBSE218\DBSE218.edb,J:\DBSE218,PEXBBEXSE4,3,Passive
DBSE219,TA,J,J:\DBSE219\DBSE219.edb,J:\DBSE219,PEXTAEXSE3,1,Active
DBSE219,TA,J,J:\DBSE219\DBSE219.edb,J:\DBSE219,PEXTAEXSE4,2,Passive
DBSE219,TA,J,J:\DBSE219\DBSE219.edb,J:\DBSE219,PEXBBEXSE1,3,Passive
DBSE220,TA,J,J:\DBSE220\DBSE220.edb,J:\DBSE220,PEXTAEXSE4,1,Active
DBSE220,TA,J,J:\DBSE220\DBSE220.edb,J:\DBSE220,PEXTAEXSE1,2,Passive
DBSE220,TA,J,J:\DBSE220\DBSE220.edb,J:\DBSE220,PEXBBEXSE2,3,Passive
DBSE221,TA,K,K:\DBSE221\DBSE221.edb,K:\DBSE221,PEXTAEXSE1,1,Active
DBSE221,TA,K,K:\DBSE221\DBSE221.edb,K:\DBSE221,PEXTAEXSE2,2,Passive
DBSE221,TA,K,K:\DBSE221\DBSE221.edb,K:\DBSE221,PEXBBEXSE4,3,Passive
DBSE222,TA,K,K:\DBSE222\DBSE222.edb,K:\DBSE222,PEXTAEXSE2,1,Active
DBSE222,TA,K,K:\DBSE222\DBSE222.edb,K:\DBSE222,PEXTAEXSE3,2,Passive
DBSE222,TA,K,K:\DBSE222\DBSE222.edb,K:\DBSE222,PEXBBEXSE1,3,Passive
DBSE223,TA,K,K:\DBSE223\DBSE223.edb,K:\DBSE223,PEXTAEXSE3,1,Active
DBSE223,TA,K,K:\DBSE223\DBSE223.edb,K:\DBSE223,PEXTAEXSE4,2,Passive
DBSE223,TA,K,K:\DBSE223\DBSE223.edb,K:\DBSE223,PEXBBEXSE2,3,Passive
DBSE224,TA,K,K:\DBSE224\DBSE224.edb,K:\DBSE224,PEXTAEXSE4,1,Active
DBSE224,TA,K,K:\DBSE224\DBSE224.edb,K:\DBSE224,PEXTAEXSE1,2,Passive
DBSE224,TA,K,K:\DBSE224\DBSE224.edb,K:\DBSE224,PEXBBEXSE3,3,Passive
DBSE225,TA,K,K:\DBSE225\DBSE225.edb,K:\DBSE225,PEXTAEXSE1,1,Active
DBSE225,TA,K,K:\DBSE225\DBSE225.edb,K:\DBSE225,PEXTAEXSE3,2,Passive
DBSE225,TA,K,K:\DBSE225\DBSE225.edb,K:\DBSE225,PEXBBEXSE4,3,Passive
DBSE226,TA,K,K:\DBSE226\DBSE226.edb,K:\DBSE226,PEXTAEXSE2,1,Active
DBSE226,TA,K,K:\DBSE226\DBSE226.edb,K:\DBSE226,PEXTAEXSE4,2,Passive
DBSE226,TA,K,K:\DBSE226\DBSE226.edb,K:\DBSE226,PEXBBEXSE1,3,Passive
DBSE227,TA,K,K:\DBSE227\DBSE227.edb,K:\DBSE227,PEXTAEXSE3,1,Active
DBSE227,TA,K,K:\DBSE227\DBSE227.edb,K:\DBSE227,PEXTAEXSE1,2,Passive
DBSE227,TA,K,K:\DBSE227\DBSE227.edb,K:\DBSE227,PEXBBEXSE2,3,Passive
DBSE228,TA,K,K:\DBSE228\DBSE228.edb,K:\DBSE228,PEXTAEXSE4,1,Active
DBSE228,TA,K,K:\DBSE228\DBSE228.edb,K:\DBSE228,PEXTAEXSE2,2,Passive
DBSE228,TA,K,K:\DBSE228\DBSE228.edb,K:\DBSE228,PEXBBEXSE3,3,Passive
DBSE229,TA,L,L:\DBSE229\DBSE229.edb,L:\DBSE229,PEXTAEXSE1,1,Active
DBSE229,TA,L,L:\DBSE229\DBSE229.edb,L:\DBSE229,PEXTAEXSE3,2,Passive
DBSE229,TA,L,L:\DBSE229\DBSE229.edb,L:\DBSE229,PEXBBEXSE1,3,Passive
DBSE230,TA,L,L:\DBSE230\DBSE230.edb,L:\DBSE230,PEXTAEXSE2,1,Active
DBSE230,TA,L,L:\DBSE230\DBSE230.edb,L:\DBSE230,PEXTAEXSE4,2,Passive
DBSE230,TA,L,L:\DBSE230\DBSE230.edb,L:\DBSE230,PEXBBEXSE2,3,Passive
DBSE231,TA,L,L:\DBSE231\DBSE231.edb,L:\DBSE231,PEXTAEXSE3,1,Active
DBSE231,TA,L,L:\DBSE231\DBSE231.edb,L:\DBSE231,PEXTAEXSE1,2,Passive
DBSE231,TA,L,L:\DBSE231\DBSE231.edb,L:\DBSE231,PEXBBEXSE3,3,Passive
DBSE232,TA,L,L:\DBSE232\DBSE232.edb,L:\DBSE232,PEXTAEXSE4,1,Active
DBSE232,TA,L,L:\DBSE232\DBSE232.edb,L:\DBSE232,PEXTAEXSE2,2,Passive
DBSE232,TA,L,L:\DBSE232\DBSE232.edb,L:\DBSE232,PEXBBEXSE4,3,Passive
DBSE233,TA,L,L:\DBSE233\DBSE233.edb,L:\DBSE233,PEXTAEXSE1,1,Active
DBSE233,TA,L,L:\DBSE233\DBSE233.edb,L:\DBSE233,PEXTAEXSE4,2,Passive
DBSE233,TA,L,L:\DBSE233\DBSE233.edb,L:\DBSE233,PEXBBEXSE1,3,Passive
DBSE234,TA,L,L:\DBSE234\DBSE234.edb,L:\DBSE234,PEXTAEXSE2,1,Active
DBSE234,TA,L,L:\DBSE234\DBSE234.edb,L:\DBSE234,PEXTAEXSE1,2,Passive
DBSE234,TA,L,L:\DBSE234\DBSE234.edb,L:\DBSE234,PEXBBEXSE2,3,Passive
DBSE235,TA,L,L:\DBSE235\DBSE235.edb,L:\DBSE235,PEXTAEXSE3,1,Active
DBSE235,TA,L,L:\DBSE235\DBSE235.edb,L:\DBSE235,PEXTAEXSE2,2,Passive
DBSE235,TA,L,L:\DBSE235\DBSE235.edb,L:\DBSE235,PEXBBEXSE3,3,Passive
DBSE236,TA,L,L:\DBSE236\DBSE236.edb,L:\DBSE236,PEXTAEXSE4,1,Active
DBSE236,TA,L,L:\DBSE236\DBSE236.edb,L:\DBSE236,PEXTAEXSE3,2,Passive
DBSE236,TA,L,L:\DBSE236\DBSE236.edb,L:\DBSE236,PEXBBEXSE4,3,Passive
DBSE237,TA,M,M:\DBSE237\DBSE237.edb,M:\DBSE237,PEXTAEXSE1,1,Active
DBSE237,TA,M,M:\DBSE237\DBSE237.edb,M:\DBSE237,PEXTAEXSE4,2,Passive
DBSE237,TA,M,M:\DBSE237\DBSE237.edb,M:\DBSE237,PEXBBEXSE2,3,Passive
DBSE238,TA,M,M:\DBSE238\DBSE238.edb,M:\DBSE238,PEXTAEXSE2,1,Active
DBSE238,TA,M,M:\DBSE238\DBSE238.edb,M:\DBSE238,PEXTAEXSE1,2,Passive
DBSE238,TA,M,M:\DBSE238\DBSE238.edb,M:\DBSE238,PEXBBEXSE3,3,Passive
DBSE239,TA,M,M:\DBSE239\DBSE239.edb,M:\DBSE239,PEXTAEXSE3,1,Active
DBSE239,TA,M,M:\DBSE239\DBSE239.edb,M:\DBSE239,PEXTAEXSE2,2,Passive
DBSE239,TA,M,M:\DBSE239\DBSE239.edb,M:\DBSE239,PEXBBEXSE4,3,Passive
DBSE240,TA,M,M:\DBSE240\DBSE240.edb,M:\DBSE240,PEXTAEXSE4,1,Active
DBSE240,TA,M,M:\DBSE240\DBSE240.edb,M:\DBSE240,PEXTAEXSE3,2,Passive
DBSE240,TA,M,M:\DBSE240\DBSE240.edb,M:\DBSE240,PEXBBEXSE1,3,Passive
DBSE241,TA,M,M:\DBSE241\DBSE241.edb,M:\DBSE241,PEXTAEXSE1,1,Active
DBSE241,TA,M,M:\DBSE241\DBSE241.edb,M:\DBSE241,PEXTAEXSE2,2,Passive
DBSE241,TA,M,M:\DBSE241\DBSE241.edb,M:\DBSE241,PEXBBEXSE2,3,Passive
DBSE242,TA,M,M:\DBSE242\DBSE242.edb,M:\DBSE242,PEXTAEXSE2,1,Active
DBSE242,TA,M,M:\DBSE242\DBSE242.edb,M:\DBSE242,PEXTAEXSE3,2,Passive
DBSE242,TA,M,M:\DBSE242\DBSE242.edb,M:\DBSE242,PEXBBEXSE3,3,Passive
DBSE243,TA,M,M:\DBSE243\DBSE243.edb,M:\DBSE243,PEXTAEXSE3,1,Active
DBSE243,TA,M,M:\DBSE243\DBSE243.edb,M:\DBSE243,PEXTAEXSE4,2,Passive
DBSE243,TA,M,M:\DBSE243\DBSE243.edb,M:\DBSE243,PEXBBEXSE4,3,Passive
DBSE244,TA,M,M:\DBSE244\DBSE244.edb,M:\DBSE244,PEXTAEXSE4,1,Active
DBSE244,TA,M,M:\DBSE244\DBSE244.edb,M:\DBSE244,PEXTAEXSE1,2,Passive
DBSE244,TA,M,M:\DBSE244\DBSE244.edb,M:\DBSE244,PEXBBEXSE1,3,Passive
DBSE245,TA,N,N:\DBSE245\DBSE245.edb,N:\DBSE245,PEXTAEXSE1,1,Active
DBSE245,TA,N,N:\DBSE245\DBSE245.edb,N:\DBSE245,PEXTAEXSE2,2,Passive
DBSE245,TA,N,N:\DBSE245\DBSE245.edb,N:\DBSE245,PEXBBEXSE3,3,Passive
DBSE246,TA,N,N:\DBSE246\DBSE246.edb,N:\DBSE246,PEXTAEXSE2,1,Active
DBSE246,TA,N,N:\DBSE246\DBSE246.edb,N:\DBSE246,PEXTAEXSE3,2,Passive
DBSE246,TA,N,N:\DBSE246\DBSE246.edb,N:\DBSE246,PEXBBEXSE4,3,Passive
DBSE247,TA,N,N:\DBSE247\DBSE247.edb,N:\DBSE247,PEXTAEXSE3,1,Active
DBSE247,TA,N,N:\DBSE247\DBSE247.edb,N:\DBSE247,PEXTAEXSE4,2,Passive
DBSE247,TA,N,N:\DBSE247\DBSE247.edb,N:\DBSE247,PEXBBEXSE1,3,Passive
DBSE248,TA,N,N:\DBSE248\DBSE248.edb,N:\DBSE248,PEXTAEXSE4,1,Active
DBSE248,TA,N,N:\DBSE248\DBSE248.edb,N:\DBSE248,PEXTAEXSE1,2,Passive
DBSE248,TA,N,N:\DBSE248\DBSE248.edb,N:\DBSE248,PEXBBEXSE2,3,Passive
DBSE249,TA,N,N:\DBSE249\DBSE249.edb,N:\DBSE249,PEXTAEXSE1,1,Active
DBSE249,TA,N,N:\DBSE249\DBSE249.edb,N:\DBSE249,PEXTAEXSE3,2,Passive
DBSE249,TA,N,N:\DBSE249\DBSE249.edb,N:\DBSE249,PEXBBEXSE3,3,Passive
DBSE250,TA,N,N:\DBSE250\DBSE250.edb,N:\DBSE250,PEXTAEXSE2,1,Active
DBSE250,TA,N,N:\DBSE250\DBSE250.edb,N:\DBSE250,PEXTAEXSE4,2,Passive
DBSE250,TA,N,N:\DBSE250\DBSE250.edb,N:\DBSE250,PEXBBEXSE4,3,Passive
DBSE251,TA,N,N:\DBSE251\DBSE251.edb,N:\DBSE251,PEXTAEXSE3,1,Active
DBSE251,TA,N,N:\DBSE251\DBSE251.edb,N:\DBSE251,PEXTAEXSE1,2,Passive
DBSE251,TA,N,N:\DBSE251\DBSE251.edb,N:\DBSE251,PEXBBEXSE1,3,Passive
DBSE252,TA,N,N:\DBSE252\DBSE252.edb,N:\DBSE252,PEXTAEXSE4,1,Active
DBSE252,TA,N,N:\DBSE252\DBSE252.edb,N:\DBSE252,PEXTAEXSE2,2,Passive
DBSE252,TA,N,N:\DBSE252\DBSE252.edb,N:\DBSE252,PEXBBEXSE2,3,Passive
DBSE253,TA,O,O:\DBSE253\DBSE253.edb,O:\DBSE253,PEXTAEXSE1,1,Active
DBSE253,TA,O,O:\DBSE253\DBSE253.edb,O:\DBSE253,PEXTAEXSE3,2,Passive
DBSE253,TA,O,O:\DBSE253\DBSE253.edb,O:\DBSE253,PEXBBEXSE4,3,Passive
DBSE254,TA,O,O:\DBSE254\DBSE254.edb,O:\DBSE254,PEXTAEXSE2,1,Active
DBSE254,TA,O,O:\DBSE254\DBSE254.edb,O:\DBSE254,PEXTAEXSE4,2,Passive
DBSE254,TA,O,O:\DBSE254\DBSE254.edb,O:\DBSE254,PEXBBEXSE1,3,Passive
DBSE255,TA,O,O:\DBSE255\DBSE255.edb,O:\DBSE255,PEXTAEXSE3,1,Active
DBSE255,TA,O,O:\DBSE255\DBSE255.edb,O:\DBSE255,PEXTAEXSE1,2,Passive
DBSE255,TA,O,O:\DBSE255\DBSE255.edb,O:\DBSE255,PEXBBEXSE2,3,Passive
DBSE256,TA,O,O:\DBSE256\DBSE256.edb,O:\DBSE256,PEXTAEXSE4,1,Active
DBSE256,TA,O,O:\DBSE256\DBSE256.edb,O:\DBSE256,PEXTAEXSE2,2,Passive
DBSE256,TA,O,O:\DBSE256\DBSE256.edb,O:\DBSE256,PEXBBEXSE3,3,Passive
DBSE257,TA,O,O:\DBSE257\DBSE257.edb,O:\DBSE257,PEXTAEXSE1,1,Active
DBSE257,TA,O,O:\DBSE257\DBSE257.edb,O:\DBSE257,PEXTAEXSE4,2,Passive
DBSE257,TA,O,O:\DBSE257\DBSE257.edb,O:\DBSE257,PEXBBEXSE4,3,Passive
DBSE258,TA,O,O:\DBSE258\DBSE258.edb,O:\DBSE258,PEXTAEXSE2,1,Active
DBSE258,TA,O,O:\DBSE258\DBSE258.edb,O:\DBSE258,PEXTAEXSE1,2,Passive
DBSE258,TA,O,O:\DBSE258\DBSE258.edb,O:\DBSE258,PEXBBEXSE1,3,Passive
DBSE259,TA,O,O:\DBSE259\DBSE259.edb,O:\DBSE259,PEXTAEXSE3,1,Active
DBSE259,TA,O,O:\DBSE259\DBSE259.edb,O:\DBSE259,PEXTAEXSE2,2,Passive
DBSE259,TA,O,O:\DBSE259\DBSE259.edb,O:\DBSE259,PEXBBEXSE2,3,Passive
DBSE260,TA,O,O:\DBSE260\DBSE260.edb,O:\DBSE260,PEXTAEXSE4,1,Active
DBSE260,TA,O,O:\DBSE260\DBSE260.edb,O:\DBSE260,PEXTAEXSE3,2,Passive
DBSE260,TA,O,O:\DBSE260\DBSE260.edb,O:\DBSE260,PEXBBEXSE3,3,Passive
DBSE261,TA,P,P:\DBSE261\DBSE261.edb,P:\DBSE261,PEXTAEXSE1,1,Active
DBSE261,TA,P,P:\DBSE261\DBSE261.edb,P:\DBSE261,PEXTAEXSE4,2,Passive
DBSE261,TA,P,P:\DBSE261\DBSE261.edb,P:\DBSE261,PEXBBEXSE1,3,Passive
DBSE262,TA,P,P:\DBSE262\DBSE262.edb,P:\DBSE262,PEXTAEXSE2,1,Active
DBSE262,TA,P,P:\DBSE262\DBSE262.edb,P:\DBSE262,PEXTAEXSE1,2,Passive
DBSE262,TA,P,P:\DBSE262\DBSE262.edb,P:\DBSE262,PEXBBEXSE2,3,Passive
DBSE263,TA,P,P:\DBSE263\DBSE263.edb,P:\DBSE263,PEXTAEXSE3,1,Active
DBSE263,TA,P,P:\DBSE263\DBSE263.edb,P:\DBSE263,PEXTAEXSE2,2,Passive
DBSE263,TA,P,P:\DBSE263\DBSE263.edb,P:\DBSE263,PEXBBEXSE3,3,Passive
DBSE264,TA,P,P:\DBSE264\DBSE264.edb,P:\DBSE264,PEXTAEXSE4,1,Active
DBSE264,TA,P,P:\DBSE264\DBSE264.edb,P:\DBSE264,PEXTAEXSE3,2,Passive
DBSE264,TA,P,P:\DBSE264\DBSE264.edb,P:\DBSE264,PEXBBEXSE4,3,Passive
DBSE265,TA,P,P:\DBSE265\DBSE265.edb,P:\DBSE265,PEXTAEXSE1,1,Active
DBSE265,TA,P,P:\DBSE265\DBSE265.edb,P:\DBSE265,PEXTAEXSE2,2,Passive
DBSE265,TA,P,P:\DBSE265\DBSE265.edb,P:\DBSE265,PEXBBEXSE1,3,Passive
DBSE266,TA,P,P:\DBSE266\DBSE266.edb,P:\DBSE266,PEXTAEXSE2,1,Active
DBSE266,TA,P,P:\DBSE266\DBSE266.edb,P:\DBSE266,PEXTAEXSE3,2,Passive
DBSE266,TA,P,P:\DBSE266\DBSE266.edb,P:\DBSE266,PEXBBEXSE2,3,Passive
DBSE267,TA,P,P:\DBSE267\DBSE267.edb,P:\DBSE267,PEXTAEXSE3,1,Active
DBSE267,TA,P,P:\DBSE267\DBSE267.edb,P:\DBSE267,PEXTAEXSE4,2,Passive
DBSE267,TA,P,P:\DBSE267\DBSE267.edb,P:\DBSE267,PEXBBEXSE3,3,Passive
DBSE268,TA,P,P:\DBSE268\DBSE268.edb,P:\DBSE268,PEXTAEXSE4,1,Active
DBSE268,TA,P,P:\DBSE268\DBSE268.edb,P:\DBSE268,PEXTAEXSE1,2,Passive
DBSE268,TA,P,P:\DBSE268\DBSE268.edb,P:\DBSE268,PEXBBEXSE4,3,Passive
DBSE269,TA,Q,Q:\DBSE269\DBSE269.edb,Q:\DBSE269,PEXTAEXSE1,1,Active
DBSE269,TA,Q,Q:\DBSE269\DBSE269.edb,Q:\DBSE269,PEXTAEXSE2,2,Passive
DBSE269,TA,Q,Q:\DBSE269\DBSE269.edb,Q:\DBSE269,PEXBBEXSE2,3,Passive
DBSE270,TA,Q,Q:\DBSE270\DBSE270.edb,Q:\DBSE270,PEXTAEXSE2,1,Active
DBSE270,TA,Q,Q:\DBSE270\DBSE270.edb,Q:\DBSE270,PEXTAEXSE3,2,Passive
DBSE270,TA,Q,Q:\DBSE270\DBSE270.edb,Q:\DBSE270,PEXBBEXSE3,3,Passive
DBSE271,TA,Q,Q:\DBSE271\DBSE271.edb,Q:\DBSE271,PEXTAEXSE3,1,Active
DBSE271,TA,Q,Q:\DBSE271\DBSE271.edb,Q:\DBSE271,PEXTAEXSE4,2,Passive
DBSE271,TA,Q,Q:\DBSE271\DBSE271.edb,Q:\DBSE271,PEXBBEXSE4,3,Passive
DBSE272,TA,Q,Q:\DBSE272\DBSE272.edb,Q:\DBSE272,PEXTAEXSE4,1,Active
DBSE272,TA,Q,Q:\DBSE272\DBSE272.edb,Q:\DBSE272,PEXTAEXSE1,2,Passive
DBSE272,TA,Q,Q:\DBSE272\DBSE272.edb,Q:\DBSE272,PEXBBEXSE1,3,Passive
DBSE273,TA,Q,Q:\DBSE273\DBSE273.edb,Q:\DBSE273,PEXTAEXSE1,1,Active
DBSE273,TA,Q,Q:\DBSE273\DBSE273.edb,Q:\DBSE273,PEXTAEXSE3,2,Passive
DBSE273,TA,Q,Q:\DBSE273\DBSE273.edb,Q:\DBSE273,PEXBBEXSE2,3,Passive
DBSE274,TA,Q,Q:\DBSE274\DBSE274.edb,Q:\DBSE274,PEXTAEXSE2,1,Active
DBSE274,TA,Q,Q:\DBSE274\DBSE274.edb,Q:\DBSE274,PEXTAEXSE4,2,Passive
DBSE274,TA,Q,Q:\DBSE274\DBSE274.edb,Q:\DBSE274,PEXBBEXSE3,3,Passive
DBSE275,TA,Q,Q:\DBSE275\DBSE275.edb,Q:\DBSE275,PEXTAEXSE3,1,Active
DBSE275,TA,Q,Q:\DBSE275\DBSE275.edb,Q:\DBSE275,PEXTAEXSE1,2,Passive
DBSE275,TA,Q,Q:\DBSE275\DBSE275.edb,Q:\DBSE275,PEXBBEXSE4,3,Passive
DBSE276,TA,Q,Q:\DBSE276\DBSE276.edb,Q:\DBSE276,PEXTAEXSE4,1,Active
DBSE276,TA,Q,Q:\DBSE276\DBSE276.edb,Q:\DBSE276,PEXTAEXSE2,2,Passive
DBSE276,TA,Q,Q:\DBSE276\DBSE276.edb,Q:\DBSE276,PEXBBEXSE1,3,Passive
DBSE277,TA,R,R:\DBSE277\DBSE277.edb,R:\DBSE277,PEXTAEXSE1,1,Active
DBSE277,TA,R,R:\DBSE277\DBSE277.edb,R:\DBSE277,PEXTAEXSE3,2,Passive
DBSE277,TA,R,R:\DBSE277\DBSE277.edb,R:\DBSE277,PEXBBEXSE3,3,Passive
DBSE278,TA,R,R:\DBSE278\DBSE278.edb,R:\DBSE278,PEXTAEXSE2,1,Active
DBSE278,TA,R,R:\DBSE278\DBSE278.edb,R:\DBSE278,PEXTAEXSE4,2,Passive
DBSE278,TA,R,R:\DBSE278\DBSE278.edb,R:\DBSE278,PEXBBEXSE4,3,Passive
DBSE279,TA,R,R:\DBSE279\DBSE279.edb,R:\DBSE279,PEXTAEXSE3,1,Active
DBSE279,TA,R,R:\DBSE279\DBSE279.edb,R:\DBSE279,PEXTAEXSE1,2,Passive
DBSE279,TA,R,R:\DBSE279\DBSE279.edb,R:\DBSE279,PEXBBEXSE1,3,Passive
DBSE280,TA,R,R:\DBSE280\DBSE280.edb,R:\DBSE280,PEXTAEXSE4,1,Active
DBSE280,TA,R,R:\DBSE280\DBSE280.edb,R:\DBSE280,PEXTAEXSE2,2,Passive
DBSE280,TA,R,R:\DBSE280\DBSE280.edb,R:\DBSE280,PEXBBEXSE2,3,Passive
DBSE281,TA,R,R:\DBSE281\DBSE281.edb,R:\DBSE281,PEXTAEXSE1,1,Active
DBSE281,TA,R,R:\DBSE281\DBSE281.edb,R:\DBSE281,PEXTAEXSE4,2,Passive
DBSE281,TA,R,R:\DBSE281\DBSE281.edb,R:\DBSE281,PEXBBEXSE3,3,Passive
DBSE282,TA,R,R:\DBSE282\DBSE282.edb,R:\DBSE282,PEXTAEXSE2,1,Active
DBSE282,TA,R,R:\DBSE282\DBSE282.edb,R:\DBSE282,PEXTAEXSE1,2,Passive
DBSE282,TA,R,R:\DBSE282\DBSE282.edb,R:\DBSE282,PEXBBEXSE4,3,Passive
DBSE283,TA,R,R:\DBSE283\DBSE283.edb,R:\DBSE283,PEXTAEXSE3,1,Active
DBSE283,TA,R,R:\DBSE283\DBSE283.edb,R:\DBSE283,PEXTAEXSE2,2,Passive
DBSE283,TA,R,R:\DBSE283\DBSE283.edb,R:\DBSE283,PEXBBEXSE1,3,Passive
DBSE284,TA,R,R:\DBSE284\DBSE284.edb,R:\DBSE284,PEXTAEXSE4,1,Active
DBSE284,TA,R,R:\DBSE284\DBSE284.edb,R:\DBSE284,PEXTAEXSE3,2,Passive
DBSE284,TA,R,R:\DBSE284\DBSE284.edb,R:\DBSE284,PEXBBEXSE2,3,Passive
DBSE285,TA,S,S:\DBSE285\DBSE285.edb,S:\DBSE285,PEXTAEXSE1,1,Active
DBSE285,TA,S,S:\DBSE285\DBSE285.edb,S:\DBSE285,PEXTAEXSE4,2,Passive
DBSE285,TA,S,S:\DBSE285\DBSE285.edb,S:\DBSE285,PEXBBEXSE4,3,Passive
DBSE286,TA,S,S:\DBSE286\DBSE286.edb,S:\DBSE286,PEXTAEXSE2,1,Active
DBSE286,TA,S,S:\DBSE286\DBSE286.edb,S:\DBSE286,PEXTAEXSE1,2,Passive
DBSE286,TA,S,S:\DBSE286\DBSE286.edb,S:\DBSE286,PEXBBEXSE1,3,Passive
DBSE287,TA,S,S:\DBSE287\DBSE287.edb,S:\DBSE287,PEXTAEXSE3,1,Active
DBSE287,TA,S,S:\DBSE287\DBSE287.edb,S:\DBSE287,PEXTAEXSE2,2,Passive
DBSE287,TA,S,S:\DBSE287\DBSE287.edb,S:\DBSE287,PEXBBEXSE2,3,Passive
DBSE288,TA,S,S:\DBSE288\DBSE288.edb,S:\DBSE288,PEXTAEXSE4,1,Active
DBSE288,TA,S,S:\DBSE288\DBSE288.edb,S:\DBSE288,PEXTAEXSE3,2,Passive
DBSE288,TA,S,S:\DBSE288\DBSE288.edb,S:\DBSE288,PEXBBEXSE3,3,Passive
DBSE289,TA,S,S:\DBSE289\DBSE289.edb,S:\DBSE289,PEXTAEXSE1,1,Active
DBSE289,TA,S,S:\DBSE289\DBSE289.edb,S:\DBSE289,PEXTAEXSE2,2,Passive
DBSE289,TA,S,S:\DBSE289\DBSE289.edb,S:\DBSE289,PEXBBEXSE4,3,Passive
DBSE290,TA,S,S:\DBSE290\DBSE290.edb,S:\DBSE290,PEXTAEXSE2,1,Active
DBSE290,TA,S,S:\DBSE290\DBSE290.edb,S:\DBSE290,PEXTAEXSE3,2,Passive
DBSE290,TA,S,S:\DBSE290\DBSE290.edb,S:\DBSE290,PEXBBEXSE1,3,Passive
DBSE291,TA,S,S:\DBSE291\DBSE291.edb,S:\DBSE291,PEXTAEXSE3,1,Active
DBSE291,TA,S,S:\DBSE291\DBSE291.edb,S:\DBSE291,PEXTAEXSE4,2,Passive
DBSE291,TA,S,S:\DBSE291\DBSE291.edb,S:\DBSE291,PEXBBEXSE2,3,Passive
DBSE292,TA,S,S:\DBSE292\DBSE292.edb,S:\DBSE292,PEXTAEXSE4,1,Active
DBSE292,TA,S,S:\DBSE292\DBSE292.edb,S:\DBSE292,PEXTAEXSE1,2,Passive
DBSE292,TA,S,S:\DBSE292\DBSE292.edb,S:\DBSE292,PEXBBEXSE3,3,Passive
